<?xml version="1.0" encoding="UTF-8"?>
<!DOCTYPE mapper PUBLIC "-//mybatis.org//DTD Mapper 3.0//EN" "http://mybatis.org/dtd/mybatis-3-mapper.dtd">
<mapper namespace="com.example.app.mapper.FileMapper">
    <insert id="insert">
      INSERT INTO TBL_FILE (FILE_NUMBER, FILE_NAME, FILE_UPLOAD_PATH, FILE_UUID, FILE_SIZE, FILE_IMAGE_CHECK, BOARD_NUMBER)
      VALUES(SEQ_FILE.NEXTVAL, #{fileName}, #{fileUploadPath}, #{fileUuid}, #{fileSize}, #{fileImageCheck}, #{boardNumber})
    </insert>

    <select id="select" resultType="fileVO">
        SELECT FILE_NUMBER, FILE_NAME, FILE_UPLOAD_PATH, FILE_UUID, FILE_SIZE, FILE_IMAGE_CHECK, BOARD_NUMBER
        FROM TBL_FILE
        WHERE BOARD_NUMBER = #{boardNumber}
    </select>

    <delete id="delete">
        DELETE FROM TBL_FILE
        WHERE BOARD_NUMBER = #{boardNumber}
    </delete>

    <select id="selectOldFiles" resultType="fileVO">
        SELECT FILE_NUMBER, FILE_NAME, FILE_UPLOAD_PATH, FILE_UUID, FILE_SIZE, FILE_IMAGE_CHECK, BOARD_NUMBER
        FROM TBL_FILE
        WHERE FILE_UPLOAD_PATH = TO_CHAR(CURRENT_DATE - 1, 'YYYY/MM/DD')
    </select>
</mapper>
















