<?xml version="1.0" encoding="UTF-8"?>
<!DOCTYPE mapper PUBLIC "-//mybatis.org//DTD Mapper 3.0//EN" "http://mybatis.org/dtd/mybatis-3-mapper.dtd">
<mapper namespace="com.example.app.mapper.ReplyMapper">
    <insert id="insert">
        INSERT INTO TBL_REPLY(REPLY_NUMBER, REPLY_CONTENT, REPLY_WRITER, BOARD_NUMBER)
        VALUES(SEQ_REPLY.NEXTVAL, #{replyContent}, #{replyWriter}, #{boardNumber})
    </insert>

    <select id="selectAll" resultType="replyVO">
        SELECT REPLY_NUMBER, REPLY_CONTENT, REPLY_WRITER, REPLY_REGISTER_DATE, REPLY_UPDATE_DATE, BOARD_NUMBER
        FROM
        (
            SELECT ROWNUM R, REPLY_NUMBER, REPLY_CONTENT, REPLY_WRITER, REPLY_REGISTER_DATE, REPLY_UPDATE_DATE, BOARD_NUMBER
            FROM
            (
                SELECT REPLY_NUMBER, REPLY_CONTENT, REPLY_WRITER, REPLY_REGISTER_DATE, REPLY_UPDATE_DATE, BOARD_NUMBER
                FROM TBL_REPLY
                WHERE BOARD_NUMBER = #{boardNumber}
                ORDER BY REPLY_NUMBER DESC
            )
    <![CDATA[
            WHERE ROWNUM <= #{criteria.page} * #{criteria.amount}
        )
        WHERE R > (#{criteria.page} - 1) * #{criteria.amount}
    ]]>
    </select>

    <update id="update">
        UPDATE TBL_REPLY
        SET REPLY_CONTENT = #{replyContent}, REPLY_WRITER = #{replyWriter}, REPLY_UPDATE_DATE = CURRENT_DATE
        WHERE REPLY_NUMBER = #{replyNumber}
    </update>

    <delete id="delete">
        DELETE FROM TBL_REPLY
        WHERE REPLY_NUMBER = #{replyNumber}
    </delete>

    <select id="selectCountOfReply" resultType="_int">
        SELECT COUNT(REPLY_NUMBER) FROM TBL_REPLY
        WHERE BOARD_NUMBER = #{boardNumber}
    </select>

    <select id="select" resultType="replyVO">
        SELECT REPLY_NUMBER, REPLY_CONTENT, REPLY_WRITER, REPLY_REGISTER_DATE, REPLY_UPDATE_DATE, BOARD_NUMBER
        FROM TBL_REPLY
        WHERE REPLY_NUMBER = #{replyNumber}
    </select>
</mapper>














